{
  "quizId": 20230315,
  "quizName": "16 мар 2023",
  "data": [
    {
      "taskText": "Тема: Слова, образующиеся от слова вода. В русском языке есть много слов, которые образованы от слова 'вода', это водичка, водяной, водянка, наводнить, безводный, заводь и многие другие.",
      "taskSource": "quiz-16-03-2023/p1.task.mp3",
      "questions": [
        {
          "questionText": "Два слова, 'подземный' и 'подводный', обозначают что-то очень глубокое. Какое из этих слов образовано от слова вода, первое, 'подземный', или второе, 'подводный'? Отвечает первая команда.",
          "questionSource": "quiz-16-03-2023/p1.q1.mp3",
          "answers": [
            "1",
            "2"
          ],
          "rightAnswer": "2",
          "rightAnswerText": "Правильно",
          "rightAnswerSource": "quiz-16-03-2023/p1.a1.mp3"
        },
        {
          "questionText": "Два слова, 'водолаз' и 'космонавт', обозначают очень сложную и интересную профессию. Какое из этих слов образовано от слова вода, первое, 'водолаз', или второе, 'космонавт'? Отвечает вторая команда.",
          "questionSource": "quiz-16-03-2023/p1.q2.mp3",
          "answers": [
            "1",
            "2"
          ],
          "rightAnswer": "1",
          "rightAnswerText": "Правильно",
          "rightAnswerSource": "quiz-16-03-2023/p1.a2.mp3"
        },
        {
          "questionText": "Иногда на нашей планете случаются чрезвычайные происшествия, такие как землетрясение или наводнение. Кака ты думаешь, какое из этих слов образовано от слова вода, первое, 'землетрясение', или второе, 'наводнение'? Отвечает первая команда.",
          "questionSource": "quiz-16-03-2023/p1.q3.mp3",
          "answers": [
            "1",
            "2"
          ],
          "rightAnswer": "2",
          "rightAnswerText": "Правильно",
          "rightAnswerSource": "quiz-16-03-2023/p1.a3.mp3"
        },
        {
          "questionText": "Те, кто любит аквариум, стараются сделать его большим и красивым, помещают в него рыбок и водоросли. Как ты думаешь, какое из двух слов образовано от слова вода, первое, 'рыбки', или второе, 'водоросли'? Отвечает вторая команда.",
          "questionSource": "quiz-16-03-2023/p1.q4.mp3",
          "answers": [
            "1",
            "2"
          ],
          "rightAnswer": "2",
          "rightAnswerText": "Правильно",
          "rightAnswerSource": "quiz-16-03-2023/p1.a4.mp3"
        },
        {
          "questionText": "Всем животным, как и людям, для жизни необходима вода. Медведь в дремучих лесах или тигр, живущий в степи, когда испытывают жажду ищут родник или водопой. Какое из двух слов образовано от слова вода, первое, 'родник', или второе, 'водопой'? Отвечает первая команда.",
          "questionSource": "quiz-16-03-2023/p1.q5.mp3",
          "answers": [
            "1",
            "2"
          ],
          "rightAnswer": "2",
          "rightAnswerText": "Правильно",
          "rightAnswerSource": "quiz-16-03-2023/p1.a5.mp3"
        },
        {
          "questionText": "Все дети любят плескаться в воде. Но чтобы это было безопасно бассейн должен быть неглубокий или мелководный. Какое из двух слов образовано от слова вода, первое, 'неглубокий', или второе, 'мелководный'? Отвечает вторая команда.",
          "questionSource": "quiz-16-03-2023/p1.q6.mp3",
          "answers": [
            "1",
            "2"
          ],
          "rightAnswer": "2",
          "rightAnswerText": "Правильно",
          "rightAnswerSource": "quiz-16-03-2023/p1.a6.mp3"
        }
      ]
    },
    {
      "taskText": "Первая тема - объем воды. Воду из крана можно набрать в ложку, в чашку, в кастрюлю и в ванну. Если летом поехать на речку или на море, то мы увидим что река тоже состоит из воды. И море это тоже вода. Если предмет занимает мало места, то говорят что у него маленький объем, а если что-то очень большое и занимает много места, то говорят что объем большой. Можно измерить объем воды: одна капля занимает очень мало места и легко поместится в ладошке, а вся вода в реке или в море не поместится даже в самый большой бассейн.",
      "taskSource": "quiz-16-03-2023/p2.task.mp3",
      "questions": [
        {
          "questionText": "Как ты думаешь, куда больше поместится воды, в чашку или в ложку? Если в чашку, нажми букву 'Ч' если в ложку - букву 'Л'. Отвечает первая команда.",
          "questionSource": "quiz-16-03-2023/p2.q1.mp3",
          "answers": [
            "Ч",
            "Л"
          ],
          "rightAnswer": "Ч",
          "rightAnswerText": "Правильно",
          "rightAnswerSource": "quiz-16-03-2023/p2.a1.mp3"
        },
        {
          "questionText": "Как ты думаешь, куда больше поместится воды, в кастрюлю или в ванну? Если в кастрюлю, нажми букву 'К' если в ванну - букву 'В'. Отвечает вторая команда.",
          "questionSource": "quiz-16-03-2023/p2.q2.mp3",
          "answers": [
            "К",
            "В"
          ],
          "rightAnswer": "В",
          "rightAnswerText": "Правильно",
          "rightAnswerSource": "quiz-16-03-2023/p2.a2.mp3"
        },
        {
          "questionText": "Как ты думаешь, куда больше поместится воды, в чашку или в ванну? Если в чашку, нажми букву 'Ч' если в ванну - букву 'В'. Отвечает первая команда.",
          "questionSource": "quiz-16-03-2023/p2.q3.mp3",
          "answers": [
            "Ч",
            "В"
          ],
          "rightAnswer": "В",
          "rightAnswerText": "Правильно",
          "rightAnswerSource": "quiz-16-03-2023/p2.a3.mp3"
        },
        {
          "questionText": "Как ты думаешь, где больше воды, в море или в ложке? Если в море, нажми букву 'М' если в ложку - букву 'Л'. Отвечает вторая команда.",
          "questionSource": "quiz-16-03-2023/p2.q4.mp3",
          "answers": [
            "М",
            "Л"
          ],
          "rightAnswer": "М",
          "rightAnswerText": "Правильно",
          "rightAnswerSource": "quiz-16-03-2023/p2.a4.mp3"
        },
        {
          "questionText": "Как ты думаешь, где больше воды, в реке или в чашке? Если в реке, нажми букву 'Р' если в чашке - букву 'Ч'. Отвечает первая команда.",
          "questionSource": "quiz-16-03-2023/p2.q5.mp3",
          "answers": [
            "Р",
            "Ч"
          ],
          "rightAnswer": "Р",
          "rightAnswerText": "Правильно",
          "rightAnswerSource": "quiz-16-03-2023/p2.a5.mp3"
        },
        {
          "questionText": "Как ты думаешь, где больше воды, в ванне или в море? Если в ванне, нажми букву 'В' если в море - букву 'М'. Отвечает вторая команда.",
          "questionSource": "quiz-16-03-2023/p2.q6.mp3",
          "answers": [
            "В",
            "М"
          ],
          "rightAnswer": "М",
          "rightAnswerText": "Правильно",
          "rightAnswerSource": "quiz-16-03-2023/p2.a6.mp3"
        }
      ]
    },
    {
      "taskText": "У каждого предмета можно измерить, сколько он весит. Если весит много, то мы говорим что предмет тяжёлый, если мало, то он легкий. Воду тоже можно взвесить. Например, можно поставить пустую кастрюлю на весы, а потом налить в неё воду и снова взвесить, по разнице легко определить сколько весит вода в кастрюле.",
      "taskSource": "quiz-16-03-2023/p3.task.mp3",
      "questions": [
        {
          "questionText": "Что весит больше, вода в полной чашке или цветок розы? Если думаешь, что тяжелее чашка с водой нажми букву 'Ч', если тяжелее цветок розы - букву 'Ц'. Отвечает первая команда.",
          "questionSource": "quiz-16-03-2023/p3.q1.mp3",
          "answers": [
            "Ч",
            "Ц"
          ],
          "rightAnswer": "Ч",
          "rightAnswerText": "Правильно",
          "rightAnswerSource": "quiz-16-03-2023/p3.a1.mp3"
        },
        {
          "questionText": "Что тяжелее, вода в наполненной ванной или стул, на котором ты сидишь? Если считаешь, что вожа в ванной тяжелее, нажми букву 'В', если тяжелее стул - букву 'С'. Отвечает вторая команда.",
          "questionSource": "quiz-16-03-2023/p3.q2.mp3",
          "answers": [
            "В",
            "С"
          ],
          "rightAnswer": "В",
          "rightAnswerText": "Правильно",
          "rightAnswerSource": "quiz-16-03-2023/p3.a2.mp3"
        },
        {
          "questionText": "Как ты думаешь, что тяжелее, кастрюля с водой или автомобиль. Если считаешь что больше весит кастрюля с водой нажми букву 'К', если автомобиль - букву 'А'. Отвечает первая команда.",
          "questionSource": "quiz-16-03-2023/p3.q3.mp3",
          "answers": [
            "К",
            "А"
          ],
          "rightAnswer": "А",
          "rightAnswerText": "Правильно",
          "rightAnswerSource": "quiz-16-03-2023/p3.a3.mp3"
        },
        {
          "questionText": "Как ты думаешь, что тяжелее, вода в ложке или пуховая подушка. Если считаешь что больше весит вода, которая помещается в ложку нажми букву 'Л', если подушка - букву 'П'. Отвечает вторая команда.",
          "questionSource": "quiz-16-03-2023/p3.q4.mp3",
          "answers": [
            "Л",
            "П"
          ],
          "rightAnswer": "П",
          "rightAnswerText": "Правильно",
          "rightAnswerSource": "quiz-16-03-2023/p3.a4.mp3"
        },
        {
          "questionText": "Что весит больше, вода в ванной или автомобиль? Если думаешь, что тяжелее вода в ванной нажми букву 'В', если тяжелее автомобиль - букву 'А'. Отвечает первая команда.",
          "questionSource": "quiz-16-03-2023/p3.q5.mp3",
          "answers": [
            "В",
            "А"
          ],
          "rightAnswer": "А",
          "rightAnswerText": "Правильно",
          "rightAnswerSource": "quiz-16-03-2023/p3.a5.mp3"
        },
        {
          "questionText": "Что тяжелее, кастрюля с водой или пуховая подушка? Если считаешь, что кастрюля тяжелее, нажми букву 'К', если подушка - букву 'П'. Отвечает вторая команда.",
          "questionSource": "quiz-16-03-2023/p3.q6.mp3",
          "answers": [
            "К",
            "П"
          ],
          "rightAnswer": "К",
          "rightAnswerText": "Правильно",
          "rightAnswerSource": "quiz-16-03-2023/p3.a6.mp3"
        }
      ]
    },
    {
      "taskText": "Тема: устройства для добывания воды. Вода необходима человеку для жизни, поэтому куда бы человек не попал, первым делом нужно научиться добывать воду. Самый надёжный способ - сделать колодец или скважину, но это не всегда просто.",
      "taskSource": "quiz-16-03-2023/p4.task.mp3",
      "questions": [
        {
          "questionText": "Представьте что вы попали в незнакомое место. Чтобы обеспечить себя и всю команду водой вы решили выкопать колодец. Что вам понадобится, молоток или лопата. Если молоток - нажмите на букву 'М', если лопата - на букву 'Л'. Отвечает первая команда.",
          "questionSource": "quiz-16-03-2023/p4.q1.mp3",
          "answers": [
            "М",
            "Л"
          ],
          "rightAnswer": "Л",
          "rightAnswerText": "Правильно",
          "rightAnswerSource": "quiz-16-03-2023/p4.a1.mp3"
        },
        {
          "questionText": "Вы начали копать яму. Что вам понадобится, чтобы легче вытаскивать выкопанную землю наверх, ведро или тетрадка? Если ведро - нажмите на букву 'В', если тетрадка - на букву 'Т'. Отвечает вторая команда.",
          "questionSource": "quiz-16-03-2023/p4.q2.mp3",
          "answers": [
            "В",
            "Т"
          ],
          "rightAnswer": "В",
          "rightAnswerText": "Правильно",
          "rightAnswerSource": "quiz-16-03-2023/p4.a2.mp3"
        },
        {
          "questionText": "Яма становится всё глубже и глубже. Наконец со стенок начала просачиваться вода. Что вам понадобится, чтобы не промочить ноги, сапоги или полотенце, Если сапоги - нажми на букву 'С', если полотенце - на букву 'П'. Отвечает первая команда.",
          "questionSource": "quiz-16-03-2023/p4.q3.mp3",
          "answers": [
            "С",
            "П"
          ],
          "rightAnswer": "С",
          "rightAnswerText": "Правильно",
          "rightAnswerSource": "quiz-16-03-2023/p4.a3.mp3"
        },
        {
          "questionText": "Копать колодец - не простая работа, вскоре вы устали и проголодались. Что вам понадобится чтобы восстановить силы, шоколадный батончик или гантели? Если шоколадный батончик, нажмите на букву 'Ш', если в этот момент нужны гантели - на букву 'Г'. Отвечает вторая команда.",
          "questionSource": "quiz-16-03-2023/p4.q4.mp3",
          "answers": [
            "Ш",
            "Г"
          ],
          "rightAnswer": "Ш",
          "rightAnswerText": "Правильно",
          "rightAnswerSource": "quiz-16-03-2023/p4.a4.mp3"
        },
        {
          "questionText": "Колодец готов, вода медленно начинает собираться на дне, пора выбираться вверх. Что вам понадобится, чтобы выбраться из колодца, канат или билет на метро? Если канат, нажмите на букву 'К', если билет на метро - на букву 'Б'. Отвечает первая команда.",
          "questionSource": "quiz-16-03-2023/p4.q5.mp3",
          "answers": [
            "К",
            "Б"
          ],
          "rightAnswer": "К",
          "rightAnswerText": "Правильно",
          "rightAnswerSource": "quiz-16-03-2023/p4.a5.mp3"
        },
        {
          "questionText": "Первое время вода в колодце будет немного мутной и грязной. Что вам понадобится, чтобы очистить воду, щётка или фильтр? Если щетка, нажмите на букву 'Щ', если фильтр - на букву 'Ф'. Отвечает вторая команда.",
          "questionSource": "quiz-16-03-2023/p4.q6.mp3",
          "answers": [
            "Щ",
            "Ф"
          ],
          "rightAnswer": "Ф",
          "rightAnswerText": "Правильно",
          "rightAnswerSource": "quiz-16-03-2023/p4.a6.mp3"
        }
      ]
    }
  ]
}