{
  "quizId": 20240502,
  "quizName": "2 мая 2024",
  "data": [
    {
      "taskText": "Тема: Космос и космические объекты.",
      "taskSource": "quiz-space/task.mp3",
      "backgroundSource": "assets/space.png",
      "questions": [
        {
          "questionText": "В далеком космосе, среди звезд, летел огромный космический корабль. Его гордый командир, капитан Звездолета, мечтал исследовать новые миры. Он нажал кнопку запуска, и корабль мощным рывком взмыл в невесомость. Вопрос:Как называется машина, которая летает в космосе?",
          "questionSource": "quiz-space/t1.mp3",
          "answers": [
            "Космический вертолет",
            "Космический корабль",
            "Самолет",
            "Космическая машина"
          ],
          "rightAnswer": "Космический корабль",
          "rightAnswerText": "Правильно",
          "rightAnswerSource": "quiz-space/t1.a.mp3"
        },
        {
          "questionText": "После долгого путешествия Звездолет подошел к спутнику земли Луне. Ее серебристая поверхность сверкала на фоне звездного неба. Капитан и его команда выглянули из иллюминатора и вздохнули от изумления. Вопрос: Что они увидели: Луну, Марс или Венеру?",
          "questionSource": "quiz-space/t2.mp3",
          "answers": [
            "Луна",
            "Марс",
            "Венера",
            "Юпитер"
          ],
          "rightAnswer": "Луна",
          "rightAnswerText": "Правильно",
          "rightAnswerSource": "quiz-space/t2.a.mp3"
        },
        {
          "questionText": "После исследования Луны, Звездолет вернулся на родную Землю. Свой красивый сине-зеленый цвет планета демонстрировала со всех сторон. Команда смотрела на шар с любовью и благоговением. Вопрос:Что мы видим из космоса, когда смотрим на Землю?",
          "questionSource": "quiz-space/t3.mp3",
          "answers": [
            "Квадрат",
            "Шар",
            "Треугольник",
            "Ромб"
          ],
          "rightAnswer": "Шар",
          "rightAnswerText": "Правильно",
          "rightAnswerSource": "quiz-space/t3.a.mp3"
        },
        {
          "questionText": "Вернувшись домой, капитан Звездолета и его команда смотрели на сверкающее Солнце через окно корабля. Они благодарили эту великолепную звезду за свет и тепло, которые она дарила им во время их приключений. Вопрос:Что команда увидела из иллюминатора:  Луну, Солнце или Плутон?",
          "questionSource": "quiz-space/t4.mp3",
          "answers": [
            "Луна",
            "Солнце",
            "Плутон",
            "Марс"
          ],
          "rightAnswer": "Солнце",
          "rightAnswerText": "Правильно",
          "rightAnswerSource": "quiz-space/t4.a.mp3"
        },
        {
          "questionText": "Однажды капитан Звездолета и его отважная команда отправились в удивительное путешествие по Солнечной системе. Они увидели множество красивых планет, вращающихся вокруг яркого Солнца. И самая близкая к Солнцу планета, Меркурий, манила их своей загадочностью. Вопрос: Какая первая планета к солнцу?",
          "questionSource": "quiz-space/t5.mp3",
          "answers": [
            "Меркурий ",
            "Венера",
            "Земля",
            "Нептун"
          ],
          "rightAnswer": "Меркурий",
          "rightAnswerText": "Правильно",
          "rightAnswerSource": "quiz-space/t5.a.mp3"
        }
      ]
    }
  ]
}